{"objects":[{"name":"Ground","material":{"diffuse":[0.239215686917305,0.239215686917305,0.239215686917305],"ambient":[0.10000000149011612,0.10000000149011612,0.10000000149011612],"specular":[0.10000000149011612,0.10000000149011612,0.10000000149011612],"n":12,"alpha":1,"shaderType":2,"diffuseTexture":{"texture":{},"name":"space_seamless.jpg"},"normalTexture":{"texture":{},"name":"defaultNormal.jpg"}},"type":"plane","position":[0,0,0],"scale":[200,1,200],"rotation":[1,0,0,0,0,1,-2.0604201012019985e-8,0,0,2.0604201012019985e-8,1,0,0,0,0,1],"rotationEulers":{"x":0,"y":0,"z":0},"parent":null,"model":null},{"name":"Cube1","material":{"diffuse":[0.5,0.5,0.5],"ambient":[0.10000000149011612,0.10000000149011612,0.10000000149011612],"specular":[0.10000000149011612,0.10000000149011612,0.10000000149011612],"n":12,"alpha":1,"shaderType":0,"diffuseTexture":{"texture":{},"name":"craneIconTealInverse.png"},"normalTexture":{"texture":{},"name":"defaultNormal.jpg"}},"type":"cube","position":[0,1,0],"scale":[1,1,1],"rotation":[1,0,0,0,0,1,0,0,0,0,1,0,0,0,0,1],"rotationEulers":{"x":0,"y":0,"z":0},"parent":null,"model":null},{"name":"Cube2","material":{"diffuse":[0.4000000059604645,0.32156863808631897,1],"ambient":[0.10000000149011612,0.10000000149011612,0.10000000149011612],"specular":[0.10000000149011612,0.10000000149011612,0.10000000149011612],"n":12,"alpha":1,"shaderType":0,"diffuseTexture":{"texture":{},"name":"craneIconTealInverse.png"},"normalTexture":{"texture":{},"name":"defaultNormal.jpg"}},"type":"cube","position":[0,3,10],"scale":[10,10,1],"rotation":[1,0,0,0,0,1,0,0,0,0,1,0,0,0,0,1],"rotationEulers":{"x":0,"y":0,"z":0},"parent":null,"model":null}],"pointLights":[{"name":"test-light-0","colour":[1,1,1],"position":[0,34,0],"strength":294,"quadratic":0.032,"linear":0.09,"constant":1,"nearPlane":0.1,"farPlane":1000,"shadow":false}],"skyBoxOn":false,"skyBoxPath":"defaultSkybox","sceneSettings":{"backgroundColor":[0.6784313917160034,0.8941176533699036,1]},"camera":{"name":"Camera","position":[-32.1739387512207,13.525233268737793,-45.5823860168457],"front":[0.5432345867156982,-0.2441967874765396,0.8032833337783813],"up":[0,1,0],"yaw":90,"pitch":0,"roll":0,"viewMatrix":{"0":-0.8283613920211792,"1":0.1367974579334259,"2":-0.5432345867156982,"3":0,"4":-1.3479748872669006e-7,"5":0.9697256684303284,"6":0.24419677257537842,"7":0,"8":0.5601940155029297,"9":0.20228326320648193,"10":-0.8032832741737366,"11":0,"12":-1.1166683435440063,"13":0.5061007142066956,"14":-57.39638137817383,"15":1},"moveSpeed":5,"sensitivity":0.009}}