{"objects":[{"name":"Ground","material":{"diffuse":[0.239215686917305,0.239215686917305,0.239215686917305],"ambient":[0.10000000149011612,0.10000000149011612,0.10000000149011612],"specular":[0.10000000149011612,0.10000000149011612,0.10000000149011612],"n":12,"alpha":1,"shaderType":2,"diffuseTexture":{"texture":{},"name":"space_seamless.jpg"},"normalTexture":{"texture":{},"name":"defaultNormal.jpg"}},"type":"plane","position":[0,0,0],"scale":[200,1,200],"rotation":[1,0,0,0,0,1,-2.0604201012019985e-8,0,0,2.0604201012019985e-8,1,0,0,0,0,1],"rotationEulers":{"x":0,"y":0,"z":0},"parent":null,"model":null},{"name":"Cube1","material":{"diffuse":[0.5,0.5,0.5],"ambient":[0.10000000149011612,0.10000000149011612,0.10000000149011612],"specular":[0.10000000149011612,0.10000000149011612,0.10000000149011612],"n":12,"alpha":1,"shaderType":0,"diffuseTexture":{"texture":{},"name":"craneIconTealInverse.png"},"normalTexture":{"texture":{},"name":"defaultNormal.jpg"}},"type":"cube","position":[0,2,0],"scale":[1,1,1],"rotation":[1,0,0,0,0,1,0,0,0,0,1,0,0,0,0,1],"rotationEulers":{"x":0,"y":0,"z":0},"parent":null,"model":null}],"pointLights":[{"name":"test-light-0","colour":[1,1,1],"position":[0,34,0],"strength":294,"quadratic":0.032,"linear":0.09,"constant":1,"nearPlane":0.1,"farPlane":1000,"shadow":false}],"skyBoxOn":false,"skyBoxPath":"defaultSkybox","sceneSettings":{"backgroundColor":[0.6784313917160034,0.8941176533699036,1]},"camera":{"name":"Camera","position":[-0.372143030166626,6.530673027038574,-6.007183074951172],"front":[0.1826857328414917,-0.36412304639816284,0.9132580757141113],"up":[0,1,0],"yaw":90,"pitch":0,"roll":0,"viewMatrix":{"0":-0.9805787205696106,"1":0.0714237242937088,"2":-0.18268664181232452,"3":0,"4":-5.034652872382139e-8,"5":0.9313502907752991,"6":0.3641248643398285,"7":0,"8":0.19615237414836884,"9":0.35705122351646423,"10":-0.913262665271759,"11":0,"12":0.8134080767631531,"13":-3.9108924865722656,"14":-7.932102203369141,"15":1},"moveSpeed":5,"sensitivity":0.009}}